"Status","Start Time","Stop Time","Duration in ms","Parent Suite","Suite","Sub Suite","Test Class","Test Method","Name","Description"
"passed","Mon Feb 01 11:35:42 CST 2021","Mon Feb 01 11:35:42 CST 2021","0","","test_calculator","TestCal","","","test_mul[bigint]",""
"passed","Mon Feb 01 11:35:42 CST 2021","Mon Feb 01 11:35:42 CST 2021","0","","test_calculator","TestCal","","","test_mul[minus_minus]",""
"passed","Mon Feb 01 11:35:42 CST 2021","Mon Feb 01 11:35:42 CST 2021","0","","test_calculator","TestCal","","","test_mul[int]",""
"passed","Mon Feb 01 11:35:42 CST 2021","Mon Feb 01 11:35:42 CST 2021","0","","test_calculator","TestCal","","","test_div[bigint]",""
"passed","Mon Feb 01 11:35:42 CST 2021","Mon Feb 01 11:35:42 CST 2021","0","","test_calculator","TestCal","","","test_add[int]",""
"passed","Mon Feb 01 11:35:42 CST 2021","Mon Feb 01 11:35:42 CST 2021","1","","test_calculator","TestCal","","","test_mul[minus_posit]",""
"passed","Mon Feb 01 11:35:42 CST 2021","Mon Feb 01 11:35:42 CST 2021","1","","test_calculator","TestCal","","","test_add[float]",""
"passed","Mon Feb 01 11:35:42 CST 2021","Mon Feb 01 11:35:42 CST 2021","0","","test_calculator","TestCal","","","test_mul[float]",""
"passed","Mon Feb 01 11:35:42 CST 2021","Mon Feb 01 11:35:42 CST 2021","1","","test_calculator","TestCal","","","test_div[float]",""
"passed","Mon Feb 01 11:35:42 CST 2021","Mon Feb 01 11:35:42 CST 2021","1","","test_calculator","TestCal","","","test_sub[int_minuend_is_smaller]",""
"passed","Mon Feb 01 11:35:42 CST 2021","Mon Feb 01 11:35:42 CST 2021","0","","test_calculator","TestCal","","","test_div[int]",""
"passed","Mon Feb 01 11:35:42 CST 2021","Mon Feb 01 11:35:42 CST 2021","0","","test_calculator","TestCal","","","test_sub[float]",""
"passed","Mon Feb 01 11:35:42 CST 2021","Mon Feb 01 11:35:42 CST 2021","1","","test_calculator","TestCal","","","test_mul[zero]",""
"passed","Mon Feb 01 11:35:42 CST 2021","Mon Feb 01 11:35:42 CST 2021","0","","test_calculator","TestCal","","","test_sub[bigint]",""
"passed","Mon Feb 01 11:35:42 CST 2021","Mon Feb 01 11:35:42 CST 2021","0","","test_calculator","TestCal","","","test_add[minus]",""
"passed","Mon Feb 01 11:35:42 CST 2021","Mon Feb 01 11:35:42 CST 2021","1","","test_calculator","TestCal","","","test_sub[int]",""
"passed","Mon Feb 01 11:35:42 CST 2021","Mon Feb 01 11:35:42 CST 2021","0","","test_calculator","TestCal","","","test_div[minus_posit]",""
"passed","Mon Feb 01 11:35:42 CST 2021","Mon Feb 01 11:35:42 CST 2021","0","","test_calculator","TestCal","","","test_add[bigint]",""
"passed","Mon Feb 01 11:35:42 CST 2021","Mon Feb 01 11:35:42 CST 2021","0","","test_calculator","TestCal","","","test_div[minus_minus]",""
"passed","Mon Feb 01 11:35:42 CST 2021","Mon Feb 01 11:35:42 CST 2021","1","","test_calculator","TestCal","","","test_sub[minus]",""
"passed","Mon Feb 01 11:35:42 CST 2021","Mon Feb 01 11:35:42 CST 2021","0","","test_calculator","TestCal","","","test_div[zero]",""
